Question,Answer
How often should I water Aloe Vera?,Aloe Vera Plants should be watered every 2-3 weeks
What type of light does Aloe Vera need?,"Aloe Vera thrives best in bright, indirect light"
What kind of soil is best for Aloe Vera?,Aloe Vera require well-draining cactus soil soil mix
How do I fertilize Aloe Vera?,Aloe Vera should be fertilized once a month in spring and summer
What are common diseases that affect Aloe Vera?,Common diseases include aphids and root rot
How do I prevent diseases in Aloe Vera?,Common diseases include spider mites and root rot
What is the best way to propagate Aloe Vera?,Common diseases include scale and mealybugs
How often should I water Snake Plants?,Common diseases include spider mites and root rot
What type of light does Snake Plants need?,Common diseases include mealybugs and spider mites
What kind of soil is best for Snake Plants?,Common diseases include spider mites and scale
How do I fertilize Snake Plants?,Common diseases include mealybugs and aphids
What are common diseases that affect Snake Plants?,Common diseases include spider mites and scale
How do I prevent diseases in Snake Plants?,Common diseases include mealybugs and root rot
What is the best way to propagate Snake Plants?,Common diseases include spider mites and scale
How often should I water Birds Nest Ferns?,Common diseases include mealybugs
What type of light does Birds Nest Ferns need?,Common diseases include spider mites and aphids
What kind of soil is best for Birds Nest Ferns?,Common diseases include spider mites
How do I fertilize Birds Nest Ferns?,Common diseases include spider mites and aphids
What are common diseases that affect Birds Nest Ferns?,Common diseases include mealybugs
How do I prevent diseases in Birds Nest Ferns?,Common diseases include spider mites
What is the best way to propagate Birds Nest Ferns?,"Common diseases include scale, spider mites"
How often should I water ZZ Plants?,"Common diseases include scale, spider mites"
What type of light does ZZ Plants need?,Common diseases include spider mites and mealybugs
What kind of soil is best for ZZ Plants?,Common diseases include aphids and mealybugs
How do I fertilize ZZ Plants?,Common diseases include mealybugs and spider mites
What are common diseases that affect ZZ Plants?,Common diseases include spider mites and scale
How do I prevent diseases in ZZ Plants?,Common diseases include spider mites and aphids
What is the best way to propagate ZZ Plants?,Common diseases include mealybugs and spider mites
How often should I water Pothos?,Common diseases include spider mites and mealybugs
What type of light does Pothos need?,Common diseases include spider mites and aphids
What kind of soil is best for Pothos?,Common diseases include spider mites and scale
How do I fertilize Pothos?,Common diseases include aphids and mealybugs
What are common diseases that affect Pothos?,Common diseases include mealybugs and spider mites
What is the best way to propagate Pothos?,Common diseases include spider mites and scale
How often should I water Monstera Deliciosa?,Common diseases include mealybugs and aphids
What type of light does Monstera Deliciosa need?,Common diseases include spider mites and scale
What kind of soil is best for Monstera Deliciosa?,Common diseases include mealybugs and root rot
How do I fertilize Monstera Deliciosa?,Common diseases include spider mites and scale
What are common diseases that affect Monstera Deliciosa?,Common diseases include mealybugs
How do I prevent diseases in Monstera Deliciosa?,Common diseases include spider mites and aphids
What is the best way to propagate Monstera Deliciosa?,Common diseases include spider mites
How often should I water African Violet?,Common diseases include spider mites and aphids
What type of light does African Violet need?,Common diseases include mealybugs
What kind of soil is best for African Violet?,Common diseases include spider mites
How do I fertilize African Violet?,"Common diseases include scale, spider mites"
What are common diseases that affect African Violet?,Common diseases include mealybugs and aphids
How do I prevent diseases in African Violet?,Common diseases include spider mites and scale
What is the best way to propagate African Violet?,Common diseases include mealybugs and root rot
How often should I water Boston Ferns?,Common diseases include spider mites and scale
What type of light does Boston Ferns need?,Common diseases include mealybugs
What kind of soil is best for Boston Ferns?,Common diseases include spider mites and aphids
How do I fertilize Boston Ferns?,Common diseases include spider mites
What are common diseases that affect Boston Ferns?,Common diseases include spider mites and aphids
How do I prevent diseases in Boston Ferns?,Common diseases include mealybugs
What is the best way to propagate Boston Ferns?,Common diseases include spider mites
How often should I water Jade Plants?,"Common diseases include scale, spider mites"
What type of light does Jade Plants need?,"Common diseases include scale, spider mites"
What kind of soil is best for Jade Plants?,Common diseases include spider mites and mealybugs
How do I fertilize Jade Plants?,Common diseases include aphids and mealybugs
What are common diseases that affect Jade Plants?,Common diseases include mealybugs and spider mites
How do I prevent diseases in Jade Plants?,Common diseases include spider mites and scale
What is the best way to propagate Jade Plants?,Common diseases include spider mites and aphids
How often should I water Peace Lilies?,Common diseases include mealybugs and spider mites
What type of light does Peace Lilies need?,Common diseases include spider mites and mealybugs
What kind of soil is best for Peace Lilies?,Common diseases include spider mites and aphids
How do I fertilize Peace Lilies?,Common diseases include spider mites and scale
What are common diseases that affect Peace Lilies?,Common diseases include aphids and mealybugs
How do I prevent diseases in Peace Lilies?,"To prevent diseases keep soil moist, mist leaves"
What is the best way to propagate Peace Lilies?,Peace Lilies are best propagated through division
How often should I water Air Plants?,Air Plants should be watered as follows: soak in water for 20-30 minutes weekly
What type of light does Air Plants need?,"Air Plants do best in bright, indirect light"
What kind of soil is best for Air Plants?,Air Plants require no soil needed
How do I fertilize Air Plants?,Air Plants should be fertilized monthly with diluted Orchid fertilizer
What are common diseases that affect Air Plants?,Common diseases include mealybugs
How do I prevent diseases in Air Plants?,Common diseases include spider mites and aphids
What is the best way to propagate Air Plants?,Common diseases include spider mites
How often should I water Aluminum Plants?,Common diseases include spider mites and aphids
What type of light does Aluminum Plants need?,Common diseases include mealybugs
What kind of soil is best for Aluminum Plants?,Common diseases include spider mites
How do I fertilize Aluminum Plants?,"Common diseases include scale, spider mites"
What are common diseases that affect Aluminum Plants?,"Common diseases include scale, spider mites"
How do I prevent diseases in Aluminum Plants?,Common diseases include spider mites and mealybugs
What is the best way to propagate Aluminum Plants?,Common diseases include aphids and mealybugs
How often should I water Angel Vines?,Common diseases include mealybugs and spider mites
What type of light does Angel Vines need?,Common diseases include spider mites and scale
What kind of soil is best for Angel Vines?,Angel Vines require well-draining potting soil mix
How do I fertilize Angel Vines?,Angel Vines should be fertilized every 4-6 weeks
What are common diseases that affect Angel Vines?,Common diseases include spider mites
How do I prevent diseases in Angel Vines?,To prevent diseases trim regularly to maintain shape
What is the best way to propagate Angel Vines?,Angel Vines are best propagated through stem cuttings
How often should I water Asparagus Ferns?,Asparagus Ferns should be watered when top inch of soil is dry
What type of light does Asparagus Ferns need?,"Asparagus Ferns do best in bright, indirect light"
What kind of soil is best for Asparagus Ferns?,Asparagus Ferns require well-draining potting soil mix
How do I fertilize Asparagus Ferns?,Asparagus Ferns should be fertilized monthly during the growing season
What are common diseases that affect Asparagus Ferns?,Common diseases include spider mites and aphids
How do I prevent diseases in Asparagus Ferns?,Common diseases include mealybugs
What is the best way to propagate Asparagus Ferns?,Common diseases include spider mites
How often should I water Baby Rubber Plants?,"Common diseases include scale, spider mites"
What type of light does Baby Rubber Plants need?,"Common diseases include scale, spider mites"
What kind of soil is best for Baby Rubber Plants?,Common diseases include spider mites and mealybugs
How do I fertilize Baby Rubber Plants?,Common diseases include aphids and mealybugs
What are common diseases that affect Baby Rubber Plants?,Common diseases include mealybugs
How do I prevent diseases in Baby Rubber Plants?,To prevent diseases avoid overwatering and provide bright light
What is the best way to propagate Baby Rubber Plants?,Baby Rubber Plants are best propagated through stem cuttings and leaf cuttings
How often should I water Bishops Cap Cactus?,Bishops Cap Cactus should be watered sparingly every 3-4 weeks
What type of light does Bishops Cap Cactus need?,Bishops Cap Cactus do best in full sun to bright light
What kind of soil is best for Bishops Cap Cactus?,Bishops Cap Cactus require Cactus soil mix
How do I fertilize Bishops Cap Cactus?,Bishops Cap Cactus should be fertilized once in spring and summer
What are common diseases that affect Bishops Cap Cactus?,Common diseases include spider mites
How do I prevent diseases in Bishops Cap Cactus?,To prevent diseases avoid excess water and ensure good drainage
What is the best way to propagate Bishops Cap Cactus?,Bishops Cap Cactus are best propagated through seeds
How often should I water Cast Iron Plants?,Cast Iron Plants should be watered when the top soil is dry
What type of light does Cast Iron Plants need?,Cast Iron Plants do best in low to medium indirect light
What kind of soil is best for Cast Iron Plants?,Cast Iron Plants require well-draining soil mix
How do I fertilize Cast Iron Plants?,Cast Iron Plants should be fertilized quarterly
What are common diseases that affect Cast Iron Plants?,"Common diseases include scale, spider mites"
What is the best way to propagate Cast Iron Plants?,Cast Iron Plants are best propagated through division
How often should I water Bunnys Ears Cactus?,"Bunnys Ears Cactus should be watered every 3 weeks in summer, less in winter"
What type of light does Bunnys Ears Cactus need?,Bunnys Ears Cactus do best in full sun to bright light
What kind of soil is best for Bunnys Ears Cactus?,Bunnys Ears Cactus require Cactus soil mix
How do I fertilize Bunnys Ears Cactus?,Bunnys Ears Cactus should be fertilized monthly in growing season
What are common diseases that affect Bunnys Ears Cactus?,"Common diseases include scale, spider mites"
What is the best way to propagate Bunnys Ears Cactus?,Bunnys Ears Cactus are best propagated through cutting and transplanting pads
How often should I water Chinese Evergreen?,Chinese Evergreen should be watered when top 2 inches of soil are dry
What type of light does Chinese Evergreen need?,Chinese Evergreen do best in low to medium indirect light
What kind of soil is best for Chinese Evergreen?,Chinese Evergreen require well-draining potting soil mix
How do I fertilize Chinese Evergreen?,Chinese Evergreen should be fertilized every 6 weeks
What are common diseases that affect Chinese Evergreen?,Common diseases include spider mites and mealybugs
How do I prevent diseases in Chinese Evergreen?,To prevent diseases wipe leaves to remove dust and avoid cold drafts
What is the best way to propagate Chinese Evergreen?,Chinese Evergreen are best propagated through stem cuttings and division
How often should I water Coffee Plants?,"Coffee Plants should be kept in moist, but not soggy, soil"
What type of light does Coffee Plants need?,"Coffee Plants do best in bright, indirect light"
What kind of soil is best for Coffee Plants?,"Coffee Plants require rich, well-draining soil mix"
How do I fertilize Coffee Plants?,Coffee Plants should be fertilized every 2 weeks during the growing season
What are common diseases that affect Coffee Plants?,Common diseases include aphids and mealybugs
How do I prevent diseases in Coffee Plants?,To prevent diseases mist regularly and provide consistent warmth
What is the best way to propagate Coffee Plants?,Coffee Plants are best propagated through seeds
How often should I water Crown of Thorns?,Crown of Thorns should be watered when soil is dry to the touch
What type of light does Crown of Thorns need?,"Crown of Thorns do best in bright, direct light"
What kind of soil is best for Crown of Thorns?,Crown of Thorns require Cactus soil mix
How do I fertilize Crown of Thorns?,Crown of Thorns should be fertilized monthly during the growing season
What are common diseases that affect Crown of Thorns?,Common diseases include mealybugs and spider mites
What is the best way to propagate Crown of Thorns?,"Crown of Thorns are best propagated through stem cuttings, handle with care though, the sap is toxic"
How often should I water Dracaena?,Dracaena should be watered when the top soil is dry
What type of light does Dracaena need?,Dracaena do best in low to bright indirect light
What kind of soil is best for Dracaena?,Dracaena require well-draining potting soil mix
How do I fertilize Dracaena?,Dracaena should be fertilized every 6 weeks during the growing season
What are common diseases that affect Dracaena?,Common diseases include spider mites and scale
How do I prevent diseases in Dracaena?,To prevent diseases trim brown tips and avoid fluoride water
What is the best way to propagate Dracaena?,Dracaena are best propagated through stem cuttings
How often should I water Dieffenbachia?,"Dieffenbachia should be kept in moist, but not soggy, soil"
What type of light does Dieffenbachia need?,"Dieffenbachia do best in bright, indirect light"
What kind of soil is best for Dieffenbachia?,"Dieffenbachia require rich, well-draining soil mix"
How do I fertilize Dieffenbachia?,Dieffenbachia should be fertilized monthly during the growing season
What are common diseases that affect Dieffenbachia?,Common diseases include spider mites and aphids
How do I prevent diseases in Dieffenbachia?,To prevent diseases wipe leaves regularly and keep away from pets as the plants are toxic
What is the best way to propagate Dieffenbachia?,Dieffenbachia are best propagated through stem cuttings
How often should I water Lucky Bamboo?,"Keep the roots in clean water, change out the water weekly"
What type of light does Lucky Bamboo need?,Lucky Bamboo does best in low to bright indirect light
What kind of soil is best for Lucky Bamboo?,"Lucky Bamboo requires no soil for water culture, or well-draining soil if potted"
How do I fertilize Lucky Bamboo?,Lucky Bamboo should be fertilized every 2 months with liquid fertilizer
What are common diseases that affect Lucky Bamboo?,Common diseases include mealybugs and spider mites
How do I prevent diseases in Lucky Bamboo?,To prevent diseases use distilled water and avoid direct sun
What is the best way to propagate Lucky Bamboo?,Lucky Bamboo are best propagated through stem cuttings
How often should I water Money Trees?,Money Trees should be watered when top inch of soil is dry
What type of light does Money Trees need?,"Money Trees do best in bright, indirect light"
What kind of soil is best for Money Trees?,Money Trees require well-draining soil mix
How do I fertilize Money Trees?,Money Trees should be fertilized monthly during the growing season
What are common diseases that affect Money Trees?,Common diseases include spider mites and mealybugs
How do I prevent diseases in Money Trees?,To prevent diseases rotate the plant so all sides get to face the light for even growth and avoid drafts
What is the best way to propagate Money Trees?,"Money Trees are best propagated through stem cuttings, seeds"
How often should I water Philodendrons?,Philodendrons should be watered when top inch of soil is dry
What type of light does Philodendrons need?,Philodendrons do best in low to medium indirect light
What kind of soil is best for Philodendrons?,Philodendrons require well-draining soil mix
How do I fertilize Philodendrons?,Philodendrons should be fertilized monthly during the growing season
What are common diseases that affect Philodendrons?,Common diseases include spider mites and aphids
How do I prevent diseases in Philodendrons?,To prevent diseases trim leggy branches to create fullness and avoid soggy soil
What is the best way to propagate Philodendrons?,Philodendrons are best propagated through stem cuttings
How often should I water Mini Monstera?,Mini Monstera should be watered when the top soil is dry
What type of light does Mini Monstera need?,"Mini Monstera do best in bright, indirect light"
What kind of soil is best for Mini Monstera?,Mini Monstera require well-draining soil mix
How do I fertilize Mini Monstera?,Mini Monstera should be fertilized every 2 weeks during the growing season
What are common diseases that affect Mini Monstera?,Common diseases include spider mites and scale
How do I prevent diseases in Mini Monstera?,To prevent diseases provide a moss pole for support and maintain consistent humidity
What is the best way to propagate Mini Monstera?,Mini Monstera are best propagated through stem cuttings
How often should I water Moth Orchids?,"Moth Orchids should be watered weekly, allow to drain"
What type of light does Moth Orchids need?,"Moth Orchids do best in bright, indirect light"
What kind of soil is best for Moth Orchids?,Moth Orchids require Orchid bark soil mix
How do I fertilize Moth Orchids?,Moth Orchids should be fertilized every 2 weeks with Orchid fertilizer
What are common diseases that affect Moth Orchids?,Common diseases include aphids and mealybugs
How do I prevent diseases in Moth Orchids?,To prevent diseases and wetting leaves directly and maintain ambient humidity
What is the best way to propagate Moth Orchids?,Moth Orchids are best propagated through Keikis (offshoots)
How often should I water Spider Plants?,Spider Plants should be watered when top inch of soil is dry
What type of light does Spider Plants need?,"Spider Plants do best in bright, indirect light"
What kind of soil is best for Spider Plants?,Spider Plants require well-draining soil mix
How do I fertilize Spider Plants?,Spider Plants should be fertilized monthly during the growing season
What are common diseases that affect Spider Plants?,Common diseases include spider mites
How do I prevent diseases in Spider Plants?,"To prevent diseases trim brown tips, remove spiderrettes regularly"
What is the best way to propagate Spider Plants?,Spider Plants are best propagated through offsets (spiderettes)
How often should I water Tradescantia Nanouk?,Tradescantia Nanouk should be watered when the top soil is dry
What type of light does Tradescantia Nanouk need?,"Tradescantia Nanouk do best in bright, indirect light"
What kind of soil is best for Tradescantia Nanouk?,Tradescantia Nanouk require well-draining potting soil mix
How do I fertilize Tradescantia Nanouk?,Tradescantia Nanouk should be fertilized monthly during the growing season
What are common diseases that affect Tradescantia Nanouk?,Common diseases include aphids and spider mites
How do I prevent diseases in Tradescantia Nanouk?,To prevent diseases pinch back tips for bushier growth
What is the best way to propagate Tradescantia Nanouk?,Tradescantia Nanouk are best propagated through stem cuttings
How often should I water Zebra Plants?,Zebra Plants should be watered as follows: keep soil moist but not soggy
What type of light does Zebra Plants need?,"Zebra Plants do best in bright, indirect light"
What kind of soil is best for Zebra Plants?,"Zebra Plants require rich, well-draining soil mix"
How do I fertilize Zebra Plants?,Zebra Plants should be fertilized every 2 weeks during the growing season
What are common diseases that affect Zebra Plants?,Common diseases include spider mites and scale
How do I prevent diseases in Zebra Plants?,To prevent diseases mist regularly and provide consistent humidity
What is the best way to propagate Zebra Plants?,Zebra Plants are best propagated through stem cuttings
How often should I water String of Pearls?,String of Pearls should be watered every 2-3 weeks
What type of light does String of Pearls need?,"String of Pearls do best in bright, indirect light"
What kind of soil is best for String of Pearls?,String of Pearls require Cactus soil mix
How do I fertilize String of Pearls?,String of Pearls should be fertilized monthly in growing season
What are common diseases that affect String of Pearls?,Common diseases include mealybugs
How do I prevent diseases in String of Pearls?,To prevent diseases avoid overwatering and provide bright light
What is the best way to propagate String of Pearls?,String of Pearls are best propagated through stem cuttings
How often should I water Yucca Cane?,Yucca Cane should be watered when the top soil is dry
What type of light does Yucca Cane need?,"Yucca Cane do best in bright, indirect light"
What kind of soil is best for Yucca Cane?,Yucca Cane require well-draining soil mix
How do I fertilize Yucca Cane?,Yucca Cane should be fertilized every 6 weeks in growing season
What are common diseases that affect Yucca Cane?,Common diseases include spider mites and scale
How do I prevent diseases in Yucca Cane?,To prevent diseases avoid overwatering
What is the best way to propagate Yucca Cane?,Yucca Cane are best propagated through offsets and stem cuttings
How often should I water Maidenhair Ferns?,Maidenhair Ferns should be kept in consistently moist soil
What type of light does Maidenhair Ferns need?,"Maidenhair Ferns do best in bright, indirect light"
What kind of soil is best for Maidenhair Ferns?,"Maidenhair Ferns require rich, well-draining soil mix"
How do I fertilize Maidenhair Ferns?,Maidenhair Ferns should be fertilized monthly during the growing season
What are common diseases that affect Maidenhair Ferns?,Common diseases include spider mites and scale
How do I prevent diseases in Maidenhair Ferns?,To prevent diseases mist frequently and avoid dry air
What is the best way to propagate Maidenhair Ferns?,Maidenhair Ferns are best propagated through division
How often should I water Lithops?,"Lithops should be watered sparingly, only when completely dry"
What type of light does Lithops need?,Lithops do best in full sun to bright light
What kind of soil is best for Lithops?,Lithops require Cactus soil mix
How do I fertilize Lithops?,Lithops should be fertilized once in the growing season
What are common diseases that affect Lithops?,Common diseases include spider mites
How do I prevent diseases in Lithops?,To prevent diseases avoid overwatering and provide bright light
What is the best way to propagate Lithops?,Lithops are best propagated through division or seeds
How often should I water Hoya Compacta?,Hoya Compacta should be watered when the top soil is dry
What type of light does Hoya Compacta need?,"Hoya Compacta do best in bright, indirect light"
What kind of soil is best for Hoya Compacta?,Hoya Compacta require well-draining soil mix
How do I fertilize Hoya Compacta?,Hoya Compacta should be fertilized monthly during the growing season
What are common diseases that affect Hoya Compacta?,Common diseases include mealybugs and aphids
How do I prevent diseases in Hoya Compacta?,To prevent diseases avoid soggy soil and provide bright light
What is the best way to propagate Hoya Compacta?,Hoya Compacta are best propagated through stem cuttings
How often should I water African Mask Plants?,African Mask Plants should be watered when the top soil is dry
What type of light does African Mask Plants need?,"African Mask Plants do best in bright, indirect light"
What kind of soil is best for African Mask Plants?,"African Mask Plants require well-draining, rich soil mix"
How do I fertilize African Mask Plants?,African Mask Plants should be fertilized every 2 weeks during the growing season
What are common diseases that affect African Mask Plants?,Common diseases include spider mites and aphids
How do I prevent diseases in African Mask Plants?,To prevent diseases mist frequently and avoid cold drafts
What is the best way to propagate African Mask Plants?,African Mask Plants are best propagated through division or harvesting and transplanting corms
How often should I water Banana Leaf Fig?,Banana Leaf Fig should be watered when top inch of soil is dry
What type of light does Banana Leaf Fig need?,"Banana Leaf Fig do best in bright, indirect light"
What kind of soil is best for Banana Leaf Fig?,Banana Leaf Fig require well-draining soil mix
How do I fertilize Banana Leaf Fig?,Banana Leaf Fig should be fertilized monthly during the growing season
What are common diseases that affect Banana Leaf Fig?,Common diseases include spider mites and scale
How do I prevent diseases in Banana Leaf Fig?,To prevent diseases rotate for even growth and avoid overwatering
What is the best way to propagate Banana Leaf Fig?,Banana Leaf Fig are best propagated through stem cuttings
How often should I water Fiddle Leaf Fig?,Fiddle Leaf Fig should be watered when top inch of soil is dry
What type of light does Fiddle Leaf Fig need?,"Fiddle Leaf Fig do best in bright, indirect light"
What kind of soil is best for Fiddle Leaf Fig?,Fiddle Leaf Fig require well-draining soil mix
How do I fertilize Fiddle Leaf Fig?,Fiddle Leaf Fig should be fertilized every 2 weeks during the growing season
What are common diseases that affect Fiddle Leaf Fig?,Common diseases include spider mites and scale
How do I prevent diseases in Fiddle Leaf Fig?,To prevent diseases wipe leaves regularly and provide ample light
What is the best way to propagate Fiddle Leaf Fig?,Fiddle Leaf Fig are best propagated through stem cuttings
How often should I water Jungle Geranium?,Jungle Geranium should be watered when the top soil is dry
What type of light does Jungle Geranium need?,"Jungle Geranium do best in bright, direct light"
What kind of soil is best for Jungle Geranium?,"Jungle Geranium require rich, well-draining soil mix"
How do I fertilize Jungle Geranium?,Jungle Geranium should be fertilized every 2 weeks during the growing season
What are common diseases that affect Jungle Geranium?,Common diseases include aphids and mealybugs
How do I prevent diseases in Jungle Geranium?,To prevent diseases prune after flowering and maintain humidity
What is the best way to propagate Jungle Geranium?,Jungle Geranium are best propagated through stem cuttings
How often should I water String of Bananas?,String of Bananas should be watered every 2-3 weeks
What type of light does String of Bananas need?,"String of Bananas do best in bright, indirect light"
What kind of soil is best for String of Bananas?,String of Bananas require Cactus soil mix
How do I fertilize String of Bananas?,String of Bananas should be fertilized monthly in growing season
What are common diseases that affect String of Bananas?,Common diseases include mealybugs
How do I prevent diseases in String of Bananas?,To prevent diseases avoid overwatering and provide bright light
What is the best way to propagate String of Bananas?,String of Bananas are best propagated through stem cuttings
How often should I water Silver Squill?,Silver Squill should be watered when the top soil is dry
What type of light does Silver Squill need?,"Silver Squill do best in bright, indirect light"
What kind of soil is best for Silver Squill?,Silver Squill require well-draining soil mix
How do I fertilize Silver Squill?,Silver Squill should be fertilized monthly during the growing season
What are common diseases that affect Silver Squill?,Common diseases include spider mites
How do I prevent diseases in Silver Squill?,To prevent diseases avoid soggy soil and provide indirect light
What is the best way to propagate Silver Squill?,Silver Squill are best propagated through Bulb division
How often should I water Parlor Palm?,Parlor Palm should be watered when top inch of soil is dry
What type of light does Parlor Palm need?,Parlor Palm do best in low to medium indirect light
What kind of soil is best for Parlor Palm?,Parlor Palm require well-draining soil mix
How do I fertilize Parlor Palm?,Parlor Palm should be fertilized monthly during the growing season
What are common diseases that affect Parlor Palm?,Common diseases include spider mites and scale
How do I prevent diseases in Parlor Palm?,To prevent diseases avoid direct sunlight and provide humidity
What is the best way to propagate Parlor Palm?,Parlor Palm are best propagated through seeds
How often should I water Croton?,Croton should be watered when the top soil is dry
What type of light does Croton need?,"Croton do best in bright, indirect light"
What kind of soil is best for Croton?,Croton require well-draining soil mix
How do I fertilize Croton?,Croton should be fertilized every 2 weeks during the growing season
What are common diseases that affect Croton?,Common diseases include spider mites and scale
How do I prevent diseases in Croton?,To prevent diseases mist leaves and provide bright light
What is the best way to propagate Croton?,Croton are best propagated through stem cuttings
How often should I water Staghorn Ferns?,The Staghorn Fern's root ball should be soaked weekly
What type of light does Staghorn Ferns need?,"Staghorn Ferns do best in bright, indirect light"
What kind of soil is best for Staghorn Ferns?,Staghorn Ferns require no soil as they are mounted on boards
How do I fertilize Staghorn Ferns?,Staghorn Ferns should be fertilized monthly with diluted feed
What are common diseases that affect Staghorn Ferns?,Common diseases include mealybugs and scale
How do I prevent diseases in Staghorn Ferns?,To prevent diseases mist regularly and avoid direct sunlight
What is the best way to propagate Staghorn Ferns?,Staghorn Ferns are best propagated through corms or whole plant division
How often should I water String of Hearts?,String of Hearts should be watered when the top soil is dry
What type of light does String of Hearts need?,"String of Hearts do best in bright, indirect light"
What kind of soil is best for String of Hearts?,String of Hearts require well-draining soil mix
How do I fertilize String of Hearts?,String of Hearts should be fertilized monthly during the growing season
What are common diseases that affect String of Hearts?,Common diseases include aphids and spider mites
How do I prevent diseases in String of Hearts?,To prevent diseases allow soil to dry between waterings and provide bright light
What is the best way to propagate String of Hearts?,"String of Hearts are best propagated through stem cuttings, tubers"
How often should I water Peacock Plants?,"Peacock Plants should be kept in evenly moist, but not soggy, soil"
What type of light does Peacock Plants need?,"Peacock Plants do best in bright, indirect light"
What kind of soil is best for Peacock Plants?,"Peacock Plants require well-draining, rich soil mix"
How do I fertilize Peacock Plants?,Peacock Plants should be fertilized monthly during the growing season
What are common diseases that affect Peacock Plants?,Common diseases include spider mites and aphids
How do I prevent diseases in Peacock Plants?,To prevent diseases mist leaves and direct sunlight
What is the best way to propagate Peacock Plants?,Peacock Plants are best propagated through division
How often should I water Pink Quill?,Pink Quill should be misted frequently and the base should be soaked weekly
What type of light does Pink Quill need?,"Pink Quill do best in bright, indirect light"
What kind of soil is best for Pink Quill?,Pink Quill require Orchid bark or no soil
How do I fertilize Pink Quill?,Pink Quill should be fertilized monthly with diluted feed
What are common diseases that affect Pink Quill?,Common diseases include mealybugs and scale
How do I prevent diseases in Pink Quill?,To prevent diseases keep the humidity high and avoid soggy roots
What is the best way to propagate Pink Quill?,Pink Quill are best propagated through offsets
How often should I water Rattlesnake Plants?,"Rattlesnake Plants should be kept in evenly moist, but not soggy, soil"
What type of light does Rattlesnake Plants need?,"Rattlesnake Plants do best in bright, indirect light"
What kind of soil is best for Rattlesnake Plants?,"Rattlesnake Plants require rich, well-draining soil mix"
How do I fertilize Rattlesnake Plants?,Rattlesnake Plants should be fertilized monthly during the growing season
What are common diseases that affect Rattlesnake Plants?,Common diseases include spider mites
How do I prevent diseases in Rattlesnake Plants?,To prevent diseases mist frequently and direct sunlight
What is the best way to propagate Rattlesnake Plants?,Rattlesnake Plants are best propagated through division
How often should I water Shrimp Plants?,Shrimp Plants should be watered when the top soil is dry
What type of light does Shrimp Plants need?,"Shrimp Plants do best in bright, indirect light"
What kind of soil is best for Shrimp Plants?,Shrimp Plants require well-draining potting soil mix
How do I fertilize Shrimp Plants?,Shrimp Plants should be fertilized every 2 weeks during the growing season
What are common diseases that affect Shrimp Plants?,Common diseases include aphids and whiteflies
How do I prevent diseases in Shrimp Plants?,To prevent diseases prune regularly and provide bright light
What is the best way to propagate Shrimp Plants?,Shrimp Plants are best propagated through stem cuttings
How often should I water Silver Trees?,Silver Trees should be watered when the top soil is dry
What type of light does Silver Trees need?,"Silver Trees do best in bright, indirect light"
What kind of soil is best for Silver Trees?,Silver Trees require well-draining soil mix
How do I fertilize Silver Trees?,Silver Trees should be fertilized monthly during the growing season
What are common diseases that affect Silver Trees?,Common diseases include aphids and scale
How do I prevent diseases in Silver Trees?,To prevent diseases avoid soggy soil and provide bright light
What is the best way to propagate Silver Trees?,Silver Trees are best propagated through seeds and cuttings
How often should I water Stromanthe?,"Stromanthe should be kept in evenly moist, but not soggy, soil"
What type of light does Stromanthe need?,"Stromanthe do best in bright, indirect light"
What kind of soil is best for Stromanthe?,"Stromanthe require rich, well-draining soil mix"
How do I fertilize Stromanthe?,Stromanthe should be fertilized monthly during the growing season
What are common diseases that affect Stromanthe?,Common diseases include spider mites and aphids
How do I prevent diseases in Stromanthe?,To prevent diseases mist frequently and provide direct sun
What is the best way to propagate Stromanthe?,Stromanthe are best propagated through division
How often should I water Rock Fig?,Rock Fig should be watered when top inch is dry
What type of light does Rock Fig need?,"Rock Fig do best in bright, indirect light"
What kind of soil is best for Rock Fig?,Rock Fig require well-draining soil mix
How do I fertilize Rock Fig?,Rock Fig should be fertilized monthly during the growing season
What are common diseases that affect Rock Fig?,Common diseases include spider mites and scale
How do I prevent diseases in Rock Fig?,To prevent diseases wipe leaves and avoid drafts
What is the best way to propagate Rock Fig?,Rock Fig are best propagated through stem cuttings
How often should I water Nun Orchids?,Nun Orchids should be watered when the top soil is dry
What type of light does Nun Orchids need?,"Nun Orchids do best in bright, indirect light"
What kind of soil is best for Nun Orchids?,Nun Orchids require Orchid bark soil mix
How do I fertilize Nun Orchids?,Nun Orchids should be fertilized Biweekly during the growing season
What are common diseases that affect Nun Orchids?,Common diseases include mealybugs and aphids
How do I prevent diseases in Nun Orchids?,To prevent diseases provide humidity and avoid soggy soil
What is the best way to propagate Nun Orchids?,Nun Orchids are best propagated through division
How often should I water Waffle Plants?,Waffle Plants should be watered when the top soil is dry
What type of light does Waffle Plants need?,"Waffle Plants do best in bright, indirect light"
What kind of soil is best for Waffle Plants?,Waffle Plants require well-draining soil mix
How do I fertilize Waffle Plants?,Waffle Plants should be fertilized monthly during the growing season
What are common diseases that affect Waffle Plants?,Common diseases include spider mites and aphids
How do I prevent diseases in Waffle Plants?,To prevent diseases mist regularly and provide humidity
What is the best way to propagate Waffle Plants?,Waffle Plants are best propagated through stem cuttings
How often should I water Climbing Onion?,Climbing Onion should be watered when soil is dry
What type of light does Climbing Onion need?,"Climbing Onion do best in bright, indirect light"
What kind of soil is best for Climbing Onion?,Climbing Onion require well-draining soil mix
How do I fertilize Climbing Onion?,Climbing Onion should be fertilized monthly in growing season
What are common diseases that affect Climbing Onion?,Common diseases include mealybugs
How do I prevent diseases in Climbing Onion?,To prevent diseases avoid overwatering and provide bright light
What is the best way to propagate Climbing Onion?,Climbing Onion are best propagated through Bulbs
How often should I water Desert Rose?,Desert Rose should be watered when soil is dry
What type of light does Desert Rose need?,"Desert Rose do best in bright, direct light"
What kind of soil is best for Desert Rose?,Desert Rose require Cactus soil mix
How do I fertilize Desert Rose?,Desert Rose should be fertilized monthly during the growing season
What are common diseases that affect Desert Rose?,Common diseases include spider mites and scale
How do I prevent diseases in Desert Rose?,To prevent diseases avoid overwatering and provide bright light
What is the best way to propagate Desert Rose?,Desert Rose are best propagated through stem cuttings
How often should I water Corsage Orchids?,Corsage Orchids should be watered weekly and allowed to drain thoroughly so there is no standing water
What type of light does Corsage Orchids need?,"Corsage Orchids do best in bright, indirect light"
What kind of soil is best for Corsage Orchids?,Corsage Orchids require Orchid bark soil mix
How do I fertilize Corsage Orchids?,Corsage Orchids should be fertilized Biweekly during the growing season
What are common diseases that affect Corsage Orchids?,Common diseases include mealybugs and aphids
How do I prevent diseases in Corsage Orchids?,To prevent diseases provide humidity and wet the leaves regularly
What is the best way to propagate Corsage Orchids?,Corsage Orchids are best propagated through division
How often should I water Buddhist Pine?,Buddhist Pine should be watered when the top soil is dry
What type of light does Buddhist Pine need?,"Buddhist Pine do best in bright, indirect light"
What kind of soil is best for Buddhist Pine?,Buddhist Pine require well-draining soil mix
How do I fertilize Buddhist Pine?,Buddhist Pine should be fertilized monthly during the growing season
What are common diseases that affect Buddhist Pine?,"Common diseases include scale, spider mites"
How do I prevent diseases in Buddhist Pine?,To prevent diseases avoid soggy soil and provide bright light
What is the best way to propagate Buddhist Pine?,"Buddhist Pine are best propagated through Cuttings, seeds"
How often should I water Fountain Palm?,Fountain Palm should be watered when the top inch of soil is dry
What type of light does Fountain Palm need?,"Fountain Palm do best in bright, indirect light"
What kind of soil is best for Fountain Palm?,Fountain Palm require well-draining soil mix
How do I fertilize Fountain Palm?,Fountain Palm should be fertilized monthly during the growing season
What are common diseases that affect Fountain Palm?,Common diseases include spider mites and scale
How do I prevent diseases in Fountain Palm?,To prevent diseases provide humidity and avoid dry air
What is the best way to propagate Fountain Palm?,Fountain Palm are best propagated through seeds
How often should I water Eyelash Ferns?,"Eyelash Ferns should be kept in evenly moist, but not soggy, soil"
What type of light does Eyelash Ferns need?,"Eyelash Ferns do best in bright, indirect light"
What kind of soil is best for Eyelash Ferns?,"Eyelash Ferns require rich, well-draining soil mix"
How do I fertilize Eyelash Ferns?,Eyelash Ferns should be fertilized monthly during the growing season
What are common diseases that affect Eyelash Ferns?,Common diseases include spider mites
How do I prevent diseases in Eyelash Ferns?,To prevent diseases mist frequently and direct sunlight
What is the best way to propagate Eyelash Ferns?,Eyelash Ferns are best propagated through Spores
How often should I water Crocodile Ferns?,"Crocodile Ferns should be kept in evenly moist, but not soggy, soil"
What type of light does Crocodile Ferns need?,"Crocodile Ferns do best in bright, indirect light"
What kind of soil is best for Crocodile Ferns?,"Crocodile Ferns require rich, well-draining soil mix"
How do I fertilize Crocodile Ferns?,Crocodile Ferns should be fertilized monthly during the growing season
What are common diseases that affect Crocodile Ferns?,Common diseases include spider mites and scale
How do I prevent diseases in Crocodile Ferns?,To prevent diseases mist frequently and provide direct sunlight
What is the best way to propagate Crocodile Ferns?,Crocodile Ferns are best propagated through division
How often should I water Variegated Saber Fig?,Variegated Saber Fig should be watered when the top inch of soil is dry
What type of light does Variegated Saber Fig need?,"Variegated Saber Fig do best in bright, indirect light"
What kind of soil is best for Variegated Saber Fig?,Variegated Saber Fig require well-draining soil mix
How do I fertilize Variegated Saber Fig?,Variegated Saber Fig should be fertilized monthly during the growing season
What are common diseases that affect Variegated Saber Fig?,Common diseases include spider mites and scale
How do I prevent diseases in Variegated Saber Fig?,To prevent diseases wipe leaves and drafts
What is the best way to propagate Variegated Saber Fig?,Variegated Saber Fig are best propagated through stem cuttings
How often should I water Chain of Hearts?,Chain of Hearts should be watered when soil is dry
What type of light does Chain of Hearts need?,"Chain of Hearts do best in bright, indirect light"
What kind of soil is best for Chain of Hearts?,Chain of Hearts require well-draining soil mix
How do I fertilize Chain of Hearts?,Chain of Hearts should be fertilized monthly during the growing season
What are common diseases that affect Chain of Hearts?,Common diseases include aphids and spider mites
How do I prevent diseases in Chain of Hearts?,To prevent diseases provide bright light and avoid overwatering
What is the best way to propagate Chain of Hearts?,"Chain of Hearts are best propagated through stem cuttings, tubers"
How often should I water Strawberry Begonia?,Strawberry Begonia should be watered when the top soil is dry
What type of light does Strawberry Begonia need?,"Strawberry Begonia do best in bright, indirect light"
What kind of soil is best for Strawberry Begonia?,Strawberry Begonia require well-draining soil mix
How do I fertilize Strawberry Begonia?,Strawberry Begonia should be fertilized monthly during the growing season
What are common diseases that affect Strawberry Begonia?,Common diseases include spider mites and aphids
How do I prevent diseases in Strawberry Begonia?,To prevent diseases trim runners for fuller growth
What is the best way to propagate Strawberry Begonia?,Strawberry Begonia are best propagated through runners and division
How often should I water Panda Plants?,Panda Plants should be watered when the soil is dry
What type of light does Panda Plants need?,"Panda Plants do best in bright, indirect light"
What kind of soil is best for Panda Plants?,Panda Plants require Cactus soil mix
How do I fertilize Panda Plants?,Panda Plants should be fertilized every 2 months in growing season
What are common diseases that affect Panda Plants?,Common diseases include mealybugs
How do I prevent diseases in Panda Plants?,To prevent diseases avoid overwatering and provide bright light
What is the best way to propagate Panda Plants?,Panda Plants are best propagated through leaf cuttings
How often should I water Showy Medinilla?,"Showy Medinilla should be kept in evenly moist, but not soggy, soil"
What type of light does Showy Medinilla need?,"Showy Medinilla do best in bright, indirect light"
What kind of soil is best for Showy Medinilla?,"Showy Medinilla require rich, well-draining soil mix"
How do I fertilize Showy Medinilla?,Showy Medinilla should be fertilized every 2 weeks during the growing season
What are common diseases that affect Showy Medinilla?,Common diseases include aphids and mealybugs
How do I prevent diseases in Showy Medinilla?,To prevent diseases provide humidity and direct sun
What is the best way to propagate Showy Medinilla?,Showy Medinilla are best propagated through stem cuttings
How often should I water Silver Sprinkles?,Silver Sprinkles should be watered when the top soil is dry
What type of light does Silver Sprinkles need?,"Silver Sprinkles do best in bright, indirect light"
What kind of soil is best for Silver Sprinkles?,Silver Sprinkles require well-draining soil mix
How do I fertilize Silver Sprinkles?,Silver Sprinkles should be fertilized monthly during the growing season
What are common diseases that affect Silver Sprinkles?,Common diseases include spider mites and aphids
How do I prevent diseases in Silver Sprinkles?,To prevent diseases mist regularly but avoid soggy soil
What is the best way to propagate Silver Sprinkles?,Silver Sprinkles are best propagated through stem cuttings
How often should I water Mind-your-own-business?,"Mind-your-own-business should be kept in evenly moist, but not soggy, soil"
What type of light does Mind-your-own-business need?,"Mind-your-own-business do best in bright, indirect light"
What kind of soil is best for Mind-your-own-business?,Mind-your-own-business require well-draining soil mix
How do I fertilize Mind-your-own-business?,Mind-your-own-business should be fertilized monthly during the growing season
What are common diseases that affect Mind-your-own-business?,Common diseases include spider mites
How do I prevent diseases in Mind-your-own-business?,To prevent diseases mist frequently and avoid dry air
What is the best way to propagate Mind-your-own-business?,Mind-your-own-business are best propagated through division
How often should I water Flame Violet?,"Flame Violet should be kept in evenly moist, but not soggy, soil"
What type of light does Flame Violet need?,"Flame Violet do best in bright, indirect light"
What kind of soil is best for Flame Violet?,"Flame Violet require well-draining, peat-based soil mix"
How do I fertilize Flame Violet?,Flame Violet should be fertilized monthly during the growing season
What are common diseases that affect Flame Violet?,Common diseases include spider mites and aphids
How do I prevent diseases in Flame Violet?,To prevent diseases mist leaves and provide direct sun
What is the best way to propagate Flame Violet?,"Flame Violet are best propagated through stem cuttings, runners"
How often should I water Rainbow Vines?,Rainbow Vines should be watered when the top soil is dry
What type of light does Rainbow Vines need?,"Rainbow Vines do best in bright, indirect light"
What kind of soil is best for Rainbow Vines?,Rainbow Vines require well-draining soil mix
How do I fertilize Rainbow Vines?,Rainbow Vines should be fertilized monthly during the growing season
What are common diseases that affect Rainbow Vines?,Common diseases include spider mites and aphids
How do I prevent diseases in Rainbow Vines?,To prevent diseases pinch back tips for bushier growth
What is the best way to propagate Rainbow Vines?,Rainbow Vines are best propagated through stem cuttings
How often should I water Old Man of the Andes?,Old Man of the Andes should be watered sparingly every 3 weeks
What type of light does Old Man of the Andes need?,Old Man of the Andes do best in full sun to bright light
What kind of soil is best for Old Man of the Andes?,Old Man of the Andes require Cactus soil mix
How do I fertilize Old Man of the Andes?,Old Man of the Andes should be fertilized Once in growing season
What are common diseases that affect Old Man of the Andes?,Common diseases include mealybugs
How do I prevent diseases in Old Man of the Andes?,To prevent diseases provide full sun and avoid overwatering
What is the best way to propagate Old Man of the Andes?,Old Man of the Andes are best propagated through seeds
How often should I water Goldfish Plants?,Goldfish Plants should be watered when the top inch of soil is dry
What type of light does Goldfish Plants need?,"Goldfish Plants do best in bright, indirect light"
What kind of soil is best for Goldfish Plants?,Goldfish Plants require well-draining soil mix
How do I fertilize Goldfish Plants?,Goldfish Plants should be fertilized every 2 weeks during the growing season
What are common diseases that affect Goldfish Plants?,Common diseases include aphids and spider mites
How do I prevent diseases in Goldfish Plants?,To prevent diseases mist regularly and prune after flowering
What is the best way to propagate Goldfish Plants?,Goldfish Plants are best propagated through stem cuttings
How often should I water Rosary Vines?,Rosary Vines should be watered when soil is dry
What type of light does Rosary Vines need?,"Rosary Vines do best in bright, indirect light"
What kind of soil is best for Rosary Vines?,Rosary Vines require well-draining soil mix
How do I fertilize Rosary Vines?,Rosary Vines should be fertilized monthly during the growing season
What are common diseases that affect Rosary Vines?,Common diseases include spider mites
How do I prevent diseases in Rosary Vines?,To prevent diseases avoid overwatering and provide bright light
What is the best way to propagate Rosary Vines?,Rosary Vines are best propagated through stem cuttings and tubers
How often should I water Queens Tears?,Queens Tears should be watered when the top soil is dry
What type of light does Queens Tears need?,"Queens Tears do best in bright, indirect light"
What kind of soil is best for Queens Tears?,"Queens Tears require rich, well-draining soil mix"
How do I fertilize Queens Tears?,Queens Tears should be fertilized monthly during the growing season
What are common diseases that affect Queens Tears?,Common diseases include mealybugs and scale
How do I prevent diseases in Queens Tears?,To prevent diseases mist regularly but avoid soggy soil
What is the best way to propagate Queens Tears?,Queens Tears are best propagated through offsets
How often should I water Sago Palm?,Sago Palm should be watered when soil is dry
What type of light does Sago Palm need?,"Sago Palm do best in bright, indirect light"
What kind of soil is best for Sago Palm?,Sago Palm require well-draining soil mix
How do I fertilize Sago Palm?,Sago Palm should be fertilized every 2 months during the growing season
What are common diseases that affect Sago Palm?,"Common diseases include scale, spider mites"
How do I prevent diseases in Sago Palm?,To prevent diseases avoid overwatering
What is the best way to propagate Sago Palm?,"Sago Palm are best propagated through offsets, seeds"
How often should I water Teddy Bear Plants?,Teddy Bear Plants should be watered when the top soil is dry
What type of light does Teddy Bear Plants need?,"Teddy Bear Plants do best in bright, indirect light"
What kind of soil is best for Teddy Bear Plants?,Teddy Bear Plants require well-draining soil mix
How do I fertilize Teddy Bear Plants?,Teddy Bear Plants should be fertilized monthly during the growing season
What are common diseases that affect Teddy Bear Plants?,Common diseases include spider mites and aphids
How do I prevent diseases in Teddy Bear Plants?,To prevent diseases provide humidity and avoid soggy soil
What is the best way to propagate Teddy Bear Plants?,Teddy Bear Plants are best propagated through stem cuttings
How often should I water Wax Flower?,Wax Flower should be watered when soil is dry
What type of light does Wax Flower need?,"Wax Flower do best in bright, indirect light"
What kind of soil is best for Wax Flower?,Wax Flower require well-draining soil mix
How do I fertilize Wax Flower?,Wax Flower should be fertilized monthly during the growing season
What are common diseases that affect Wax Flower?,Common diseases include mealybugs and aphids
How do I prevent diseases in Wax Flower?,To prevent diseases avoid soggy soil and provide bright light
What is the best way to propagate Wax Flower?,Wax Flower are best propagated through stem cuttings
How often should I water Velvet Plants?,Velvet Plants should be watered when the top soil is dry
What type of light does Velvet Plants need?,"Velvet Plants do best in bright, indirect light"
What kind of soil is best for Velvet Plants?,Velvet Plants require well-draining soil mix
How do I fertilize Velvet Plants?,Velvet Plants should be fertilized monthly during the growing season
What are common diseases that affect Velvet Plants?,Common diseases include spider mites
How do I prevent diseases in Velvet Plants?,To prevent diseases trim for fullness and avoid wetting the leaves
What is the best way to propagate Velvet Plants?,Velvet Plants are best propagated through stem cuttings
How often should I water Pink Butterflies?,Pink Butterflies should be watered when soil is dry
What type of light does Pink Butterflies need?,"Pink Butterflies do best in bright, indirect light"
What kind of soil is best for Pink Butterflies?,Pink Butterflies require Cactus soil mix
How do I fertilize Pink Butterflies?,Pink Butterflies should be fertilized monthly during the growing season
What are common diseases that affect Pink Butterflies?,Common diseases include mealybugs
How do I prevent diseases in Pink Butterflies?,To prevent diseases avoid overwatering and provide bright light
What is the best way to propagate Pink Butterflies?,"Pink Butterflies are best propagated through offsets, Plantslets"
How often should I water Partridge Breast Aloe?,Partridge Breast Aloe should be watered when soil is dry
What type of light does Partridge Breast Aloe need?,"Partridge Breast Aloe do best in bright, indirect light"
What kind of soil is best for Partridge Breast Aloe?,Partridge Breast Aloe require Cactus soil mix
How do I fertilize Partridge Breast Aloe?,Partridge Breast Aloe should be fertilized every 2 months in growing season
What are common diseases that affect Partridge Breast Aloe?,Common diseases include mealybugs
How do I prevent diseases in Partridge Breast Aloe?,To prevent diseases avoid overwatering and provide bright light
What is the best way to propagate Partridge Breast Aloe?,Partridge Breast Aloe are best propagated through offsets
How often should I water Monkey Tail Cactus?,Monkey Tail Cactus should be watered when soil is dry
What type of light does Monkey Tail Cactus need?,"Monkey Tail Cactus do best in bright, indirect light"
What kind of soil is best for Monkey Tail Cactus?,Monkey Tail Cactus require Cactus soil mix
How do I fertilize Monkey Tail Cactus?,Monkey Tail Cactus should be fertilized monthly during the growing season
What are common diseases that affect Monkey Tail Cactus?,Common diseases include spider mites
How do I prevent diseases in Monkey Tail Cactus?,To prevent diseases avoid overwatering and provide bright light
What is the best way to propagate Monkey Tail Cactus?,Monkey Tail Cactus are best propagated through stem cuttings
How often should I water Elephant Foot?,Elephant Foot should be watered when soil is dry
What type of light does Elephant Foot need?,"Elephant Foot do best in bright, indirect light"
What kind of soil is best for Elephant Foot?,Elephant Foot require well-draining soil mix
How do I fertilize Elephant Foot?,Elephant Foot should be fertilized quarterly during the growing season
What are common diseases that affect Elephant Foot?,Common diseases include spider mites
How do I prevent diseases in Elephant Foot?,"To prevent diseases avoid overwatering, this plant thrives on neglect"
What is the best way to propagate Elephant Foot?,Elephant Foot are best propagated through offsets
How often should I water Pencil Cactus?,Pencil Cactus should be watered when soil is dry
What type of light does Pencil Cactus need?,"Pencil Cactus do best in bright, indirect light"
What kind of soil is best for Pencil Cactus?,Pencil Cactus require Cactus soil mix
How do I fertilize Pencil Cactus?,Pencil Cactus should be fertilized every 2 months in growing season
What are common diseases that affect Pencil Cactus?,Common diseases include mealybugs
How do I prevent diseases in Pencil Cactus?,"To prevent diseases avoid overwatering and remove debris from soil, handle with care the sap is toxic"
What is the best way to propagate Pencil Cactus?,Pencil Cactus are best propagated through stem cuttings
How often should I water Ox-tongue?,Ox-tongue should be watered when soil is dry
What type of light does Ox-tongue need?,"Ox-tongue do best in bright, indirect light"
What kind of soil is best for Ox-tongue?,Ox-tongue require Cactus soil mix
How do I fertilize Ox-tongue?,Ox-tongue should be fertilized every 2 months in growing season
What are common diseases that affect Ox-tongue?,Common diseases include mealybugs
How do I prevent diseases in Ox-tongue?,To prevent diseases avoid overwatering and provide bright light
What is the best way to propagate Ox-tongue?,Ox-tongue are best propagated through offsets and division
How often should I water Grape Ivy?,Grape Ivy should be watered when the top soil is dry
What type of light does Grape Ivy need?,"Grape Ivy do best in bright, indirect light"
What kind of soil is best for Grape Ivy?,Grape Ivy require well-draining soil mix
How do I fertilize Grape Ivy?,Grape Ivy should be fertilized monthly during the growing season
What are common diseases that affect Grape Ivy?,Common diseases include spider mites
How do I prevent diseases in Grape Ivy?,To prevent diseases prune regularly and provide humidity
What is the best way to propagate Grape Ivy?,Grape Ivy are best propagated through stem cuttings
How often should I water Neoporteria?,Neoporteria should be watered when soil is dry
What type of light does Neoporteria need?,Neoporteria do best in full sun to bright light
What kind of soil is best for Neoporteria?,Neoporteria require Cactus soil mix
How do I fertilize Neoporteria?,Neoporteria should be fertilized Once in growing season
What are common diseases that affect Neoporteria?,Common diseases include spider mites
How do I prevent diseases in Neoporteria?,To prevent diseases avoid overwatering and provide bright light
What is the best way to propagate Neoporteria?,Neoporteria are best propagated through seeds
How often should I water Dyckia Bromeliad?,Dyckia Bromeliad should be watered when soil is dry
What type of light does Dyckia Bromeliad need?,"Dyckia Bromeliad do best in bright, indirect light"
What kind of soil is best for Dyckia Bromeliad?,Dyckia Bromeliad require well-draining soil mix
How do I fertilize Dyckia Bromeliad?,Dyckia Bromeliad should be fertilized every 2 months in growing season
What are common diseases that affect Dyckia Bromeliad?,Common diseases include mealybugs
How do I prevent diseases in Dyckia Bromeliad?,To prevent diseases provide bright light and avoid overwatering
What is the best way to propagate Dyckia Bromeliad?,Dyckia Bromeliad are best propagated through offsets
How often should I water Madagascar Palm?,Madagascar Palm should be watered when soil is dry
What type of light does Madagascar Palm need?,"Madagascar Palm do best in bright, direct light"
What kind of soil is best for Madagascar Palm?,Madagascar Palm require Cactus soil mix
How do I fertilize Madagascar Palm?,Madagascar Palm should be fertilized monthly during the growing season
What are common diseases that affect Madagascar Palm?,Common diseases include spider mites
How do I prevent diseases in Madagascar Palm?,To prevent diseases avoid overwatering and provide full sun
What is the best way to propagate Madagascar Palm?,Madagascar Palm are best propagated through seeds
How often should I water Frosty Ferns?,Frosty Ferns should be watered as follows: keep soil consistently moist
What type of light does Frosty Ferns need?,"Frosty Ferns do best in bright, indirect light"
What kind of soil is best for Frosty Ferns?,"Frosty Ferns require rich, well-draining soil mix"
How do I fertilize Frosty Ferns?,Frosty Ferns should be fertilized monthly during the growing season
What are common diseases that affect Frosty Ferns?,Common diseases include spider mites
How do I prevent diseases in Frosty Ferns?,To prevent diseases mist frequently and dry air
What is the best way to propagate Frosty Ferns?,Frosty Ferns are best propagated through division
How often should I water Moses in the Cradle?,Moses in the Cradle should be watered when the top soil is dry
What type of light does Moses in the Cradle need?,"Moses in the Cradle do best in bright, indirect light"
What kind of soil is best for Moses in the Cradle?,Moses in the Cradle require well-draining soil mix
How do I fertilize Moses in the Cradle?,Moses in the Cradle should be fertilized monthly during the growing season
What are common diseases that affect Moses in the Cradle?,Common diseases include spider mites
How do I prevent diseases in Moses in the Cradle?,To prevent diseases provide bright light and avoid overwatering
What is the best way to propagate Moses in the Cradle?,Moses in the Cradle are best propagated through division and stem cuttings
How often should I water Living Stone?,"Living Stone should be watered sparingly, only when dry"
What type of light does Living Stone need?,Living Stone do best in full sun to bright light
What kind of soil is best for Living Stone?,Living Stone require Cactus soil mix
How do I fertilize Living Stone?,Living Stone should be fertilized Once in growing season
What are common diseases that affect Living Stone?,Common diseases include spider mites
How do I prevent diseases in Living Stone?,To prevent diseases avoid overwatering and provide full sun
What is the best way to propagate Living Stone?,"Living Stone are best propagated through division, seeds"
How often should I water Fairy Washboard?,Fairy Washboard should be watered when soil is dry
What type of light does Fairy Washboard need?,"Fairy Washboard do best in bright, indirect light"
What kind of soil is best for Fairy Washboard?,Fairy Washboard require Cactus soil mix
How do I fertilize Fairy Washboard?,Fairy Washboard should be fertilized every 2 months in growing season
What are common diseases that affect Fairy Washboard?,Common diseases include mealybugs
How do I prevent diseases in Fairy Washboard?,To prevent diseases avoid overwatering and provide bright light
What is the best way to propagate Fairy Washboard?,Fairy Washboard are best propagated through offsets
How often should I water Slipper Orchids?,"Slipper Orchids should be kept in evenly moist, but not soggy, soil"
What type of light does Slipper Orchids need?,"Slipper Orchids do best in bright, indirect light"
What kind of soil is best for Slipper Orchids?,Slipper Orchids require Orchid bark soil mix
How do I fertilize Slipper Orchids?,Slipper Orchids should be fertilized Biweekly during the growing season
What are common diseases that affect Slipper Orchids?,Common diseases include mealybugs and aphids
How do I prevent diseases in Slipper Orchids?,To prevent diseases provide humidity and avoid soggy roots
What is the best way to propagate Slipper Orchids?,Slipper Orchids are best propagated through division
How often should I water Arrowhead Vines?,Arrowhead Vines should be watered when the top soil is dry
What type of light does Arrowhead Vines need?,"Arrowhead Vines do best in bright, indirect light"
What kind of soil is best for Arrowhead Vines?,Arrowhead Vines require well-draining soil mix
How do I fertilize Arrowhead Vines?,Arrowhead Vines should be fertilized monthly during the growing season
What are common diseases that affect Arrowhead Vines?,Common diseases include spider mites
How do I prevent diseases in Arrowhead Vines?,To prevent diseases prune regularly and provide humidity
What is the best way to propagate Arrowhead Vines?,Arrowhead Vines are best propagated through stem cuttings
How often should I water Purple Passion Plants?,Purple Passion Plants should be watered when the top soil is dry
What type of light does Purple Passion Plants need?,"Purple Passion Plants do best in bright, indirect light"
What kind of soil is best for Purple Passion Plants?,Purple Passion Plants require well-draining soil mix
How do I fertilize Purple Passion Plants?,Purple Passion Plants should be fertilized monthly during the growing season
What are common diseases that affect Purple Passion Plants?,Common diseases include spider mites
How do I prevent diseases in Purple Passion Plants?,To prevent diseases pinch back tips for bushier growth
What is the best way to propagate Purple Passion Plants?,Purple Passion Plants are best propagated through stem cuttings
How often should I water Banana Vines?,Banana Vines should be watered when soil is dry
What type of light does Banana Vines need?,"Banana Vines do best in bright, indirect light"
What kind of soil is best for Banana Vines?,Banana Vines require Cactus soil mix
How do I fertilize Banana Vines?,Banana Vines should be fertilized every 2 months in growing season
What are common diseases that affect Banana Vines?,Common diseases include mealybugs
How do I prevent diseases in Banana Vines?,To prevent diseases avoid overwatering and provide bright light
What is the best way to propagate Banana Vines?,Banana Vines are best propagated through stem cuttings
How often should I water Snow Bush?,Snow Bush should be watered when the top soil is dry
What type of light does Snow Bush need?,"Snow Bush do best in bright, indirect light"
What kind of soil is best for Snow Bush?,Snow Bush require well-draining soil mix
How do I fertilize Snow Bush?,Snow Bush should be fertilized monthly during the growing season
What are common diseases that affect Snow Bush?,Common diseases include aphids and spider mites
How do I prevent diseases in Snow Bush?,To prevent diseases prune regularly and provide humidity
What is the best way to propagate Snow Bush?,Snow Bush are best propagated through stem cuttings
How often should I water Copper Spoons?,Copper Spoons should be watered when soil is dry
What type of light does Copper Spoons need?,"Copper Spoons do best in bright, indirect light"
What kind of soil is best for Copper Spoons?,Copper Spoons require Cactus soil mix
How do I fertilize Copper Spoons?,Copper Spoons should be fertilized every 2 months in growing season
What are common diseases that affect Copper Spoons?,Common diseases include mealybugs
How do I prevent diseases in Copper Spoons?,To prevent diseases avoid overwatering and provide bright light
What is the best way to propagate Copper Spoons?,Copper Spoons are best propagated through stem cuttings
How often should I water Red Bird Flower?,Red Bird Flower should be watered when soil is dry
What type of light does Red Bird Flower need?,"Red Bird Flower do best in bright, indirect light"
What kind of soil is best for Red Bird Flower?,Red Bird Flower require well-draining soil mix
How do I fertilize Red Bird Flower?,Red Bird Flower should be fertilized monthly during the growing season
What are common diseases that affect Red Bird Flower?,Common diseases include spider mites
How do I prevent diseases in Red Bird Flower?,To prevent diseases avoid overwatering and provide bright light
What is the best way to propagate Red Bird Flower?,Red Bird Flower are best propagated through stem cuttings
How often should I water Shooting Star Hoya?,Shooting Star Hoya should be watered when the top soil is dry
What type of light does Shooting Star Hoya need?,"Shooting Star Hoya do best in bright, indirect light"
What kind of soil is best for Shooting Star Hoya?,Shooting Star Hoya require well-draining soil mix
How do I fertilize Shooting Star Hoya?,Shooting Star Hoya should be fertilized monthly during the growing season
What are common diseases that affect Shooting Star Hoya?,Common diseases include mealybugs
How do I prevent diseases in Shooting Star Hoya?,To prevent diseases provide humidity avoid soggy soil
What is the best way to propagate Shooting Star Hoya?,Shooting Star Hoya are best propagated through stem cuttings
How often should I water Veldt Grape?,Veldt Grape should be watered when the top soil is dry
What type of light does Veldt Grape need?,"Veldt Grape do best in bright, indirect light"
What kind of soil is best for Veldt Grape?,Veldt Grape require well-draining soil mix
How do I fertilize Veldt Grape?,Veldt Grape should be fertilized monthly during the growing season
What are common diseases that affect Veldt Grape?,Common diseases include spider mites
How do I prevent diseases in Veldt Grape?,To prevent diseases provide support avoid overwatering
What is the best way to propagate Veldt Grape?,Veldt Grape are best propagated through stem cuttings
How often should I water Silver Ribbon Ferns?,"Silver Ribbon Ferns should be kept in evenly moist, but not soggy, soil"
What type of light does Silver Ribbon Ferns need?,"Silver Ribbon Ferns do best in bright, indirect light"
What kind of soil is best for Silver Ribbon Ferns?,Silver Ribbon Ferns require well-draining soil mix
How do I fertilize Silver Ribbon Ferns?,Silver Ribbon Ferns should be fertilized monthly during the growing season
What are common diseases that affect Silver Ribbon Ferns?,Common diseases include spider mites
How do I prevent diseases in Silver Ribbon Ferns?,To prevent diseases mist regularly and dry air
What is the best way to propagate Silver Ribbon Ferns?,Silver Ribbon Ferns are best propagated through division
How often should I water Green Worm Ferns?,"Green Worm Ferns should be kept in evenly moist, but not soggy, soil"
What type of light does Green Worm Ferns need?,"Green Worm Ferns do best in bright, indirect light"
What kind of soil is best for Green Worm Ferns?,"Green Worm Ferns require rich, well-draining soil mix"
How do I fertilize Green Worm Ferns?,Green Worm Ferns should be fertilized monthly during the growing season
What are common diseases that affect Green Worm Ferns?,Common diseases include spider mites
How do I prevent diseases in Green Worm Ferns?,To prevent diseases mist frequently and provide direct sunlight
What is the best way to propagate Green Worm Ferns?,Green Worm Ferns are best propagated through division
How often should I water Japanese Fatsia?,Japanese Fatsia should be watered when the top soil is dry
What type of light does Japanese Fatsia need?,"Japanese Fatsia do best in bright, indirect light"
What kind of soil is best for Japanese Fatsia?,Japanese Fatsia require well-draining soil mix
How do I fertilize Japanese Fatsia?,Japanese Fatsia should be fertilized monthly during the growing season
What are common diseases that affect Japanese Fatsia?,Common diseases include spider mites and scale
How do I prevent diseases in Japanese Fatsia?,To prevent diseases wipe leaves and provide humidity
What is the best way to propagate Japanese Fatsia?,Japanese Fatsia are best propagated through stem cuttings
How often should I water ET Ferns?,"ET Ferns should be kept in evenly moist, but not soggy, soil"
What type of light does ET Ferns need?,"ET Ferns do best in bright, indirect light"
What kind of soil is best for ET Ferns?,"ET Ferns require rich, well-draining soil mix"
How do I fertilize ET Ferns?,ET Ferns should be fertilized monthly during the growing season
What are common diseases that affect ET Ferns?,Common diseases include spider mites
How do I prevent diseases in ET Ferns?,To prevent diseases mist frequently and provide direct sunlight
What is the best way to propagate ET Ferns?,ET Ferns are best propagated through division
How often should I water Flaming Katy?,Flaming Katy should be watered when soil is dry
What type of light does Flaming Katy need?,"Flaming Katy do best in bright, indirect light"
What kind of soil is best for Flaming Katy?,Flaming Katy require Cactus soil mix
How do I fertilize Flaming Katy?,Flaming Katy should be fertilized monthly during the growing season
What are common diseases that affect Flaming Katy?,Common diseases include mealybugs
How do I prevent diseases in Flaming Katy?,To prevent diseases avoid overwatering and provide bright light
What is the best way to propagate Flaming Katy?,Flaming Katy are best propagated through stem cuttings
How often should I water Pilea?,Pilea should be watered when the top soil is dry
What type of light does Pilea need?,"Pilea do best in bright, indirect light"
What kind of soil is best for Pilea?,Pilea require well-draining soil mix
How do I fertilize Pilea?,Pilea should be fertilized monthly during the growing season
What are common diseases that affect Pilea?,Common diseases include spider mites and aphids
How do I prevent diseases in Pilea?,To prevent diseases rotate regularly for even growth and avoid overwatering
What is the best way to propagate Pilea?,Pilea are best propagated through offsets
How often should I water Areca Palm?,Areca Palm should be watered when the top inch of soil is dry
What type of light does Areca Palm need?,"Areca Palm do best in bright, indirect light"
What kind of soil is best for Areca Palm?,Areca Palm require well-draining soil mix
How do I fertilize Areca Palm?,Areca Palm should be fertilized monthly during the growing season
What are common diseases that affect Areca Palm?,Common diseases include spider mites and scale
How do I prevent diseases in Areca Palm?,To prevent diseases mist regularly and direct sun
What is the best way to propagate Areca Palm?,Areca Palm are best propagated through division
How often should I water Cape Primrose?,Cape Primrose should be watered when the top soil is dry
What type of light does Cape Primrose need?,"Cape Primrose do best in bright, indirect light"
What kind of soil is best for Cape Primrose?,"Cape Primrose require well-draining, peat-based soil mix"
How do I fertilize Cape Primrose?,Cape Primrose should be fertilized monthly during the growing season
What are common diseases that affect Cape Primrose?,Common diseases include spider mites and aphids
How do I prevent diseases in Cape Primrose?,To prevent diseases avoid wet leaves and provide bright light
What is the best way to propagate Cape Primrose?,Cape Primrose are best propagated through leaf cuttings
How often should I water Cissus Discolor?,Cissus Discolor should be watered when the top soil is dry
What type of light does Cissus Discolor need?,"Cissus Discolor do best in bright, indirect light"
What kind of soil is best for Cissus Discolor?,Cissus Discolor require well-draining soil mix
How do I fertilize Cissus Discolor?,Cissus Discolor should be fertilized monthly during the growing season
What are common diseases that affect Cissus Discolor?,Common diseases include spider mites
How do I prevent diseases in Cissus Discolor?,To prevent diseases mist regularly and provide support
What is the best way to propagate Cissus Discolor?,Cissus Discolor are best propagated through stem cuttings
How often should I water String of Turtles?,String of Turtles should be watered when soil is dry
What type of light does String of Turtles need?,"String of Turtles do best in bright, indirect light"
What kind of soil is best for String of Turtles?,String of Turtles require Cactus soil mix
How do I fertilize String of Turtles?,String of Turtles should be fertilized every 2 months in growing season
What are common diseases that affect String of Turtles?,Common diseases include mealybugs
How do I prevent diseases in String of Turtles?,To prevent diseases avoid overwatering and provide bright light
What is the best way to propagate String of Turtles?,String of Turtles are best propagated through stem cuttings
How often should I water Neoregelia?,Neoregelia should be watered as follows: keep central cup filled with water
What type of light does Neoregelia need?,"Neoregelia do best in bright, indirect light"
What kind of soil is best for Neoregelia?,Neoregelia require Bromeliad soil mix
How do I fertilize Neoregelia?,Neoregelia should be fertilized monthly during the growing season
What are common diseases that affect Neoregelia?,Common diseases include mealybugs and scale
How do I prevent diseases in Neoregelia?,To prevent diseases rinse cup regularly and avoid soggy soil
What is the best way to propagate Neoregelia?,Neoregelia are best propagated through offsets
How often should I water Tradescantia Zebrina?,Tradescantia Zebrina should be watered when the top soil is dry
What type of light does Tradescantia Zebrina need?,"Tradescantia Zebrina do best in bright, indirect light"
What kind of soil is best for Tradescantia Zebrina?,Tradescantia Zebrina require well-draining soil mix
How do I fertilize Tradescantia Zebrina?,Tradescantia Zebrina should be fertilized monthly during the growing season
What are common diseases that affect Tradescantia Zebrina?,Common diseases include spider mites
How do I prevent diseases in Tradescantia Zebrina?,To prevent diseases pinch back tips for bushier growth
What is the best way to propagate Tradescantia Zebrina?,Tradescantia Zebrina are best propagated through stem cuttings
How often should I water Ox Tongue?,Ox Tongue should be watered when soil is dry
What type of light does Ox Tongue need?,"Ox Tongue do best in bright, indirect light"
What kind of soil is best for Ox Tongue?,Ox Tongue require Cactus soil mix
How do I fertilize Ox Tongue?,Ox Tongue should be fertilized every 2 months in growing season
What are common diseases that affect Ox Tongue?,Common diseases include mealybugs
How do I prevent diseases in Ox Tongue?,To prevent diseases avoid overwatering and provide bright light
What is the best way to propagate Ox Tongue?,"Ox Tongue are best propagated through offsets, division"
How often should I water Mini Umbrella Trees?,Mini Umbrella Trees should be watered when the top soil is dry
What type of light does Mini Umbrella Trees need?,"Mini Umbrella Trees do best in bright, indirect light"
What kind of soil is best for Mini Umbrella Trees?,Mini Umbrella Trees require well-draining soil mix
How do I fertilize Mini Umbrella Trees?,Mini Umbrella Trees should be fertilized monthly during the growing season
What are common diseases that affect Mini Umbrella Trees?,Common diseases include spider mites
How do I prevent diseases in Mini Umbrella Trees?,To prevent diseases prune for shape avoid overwatering
What is the best way to propagate Mini Umbrella Trees?,Mini Umbrella Trees are best propagated through stem cuttings
How often should I water Jungle Flame?,Jungle Flame should be watered when the top soil is dry
What type of light does Jungle Flame need?,"Jungle Flame do best in bright, direct light"
What kind of soil is best for Jungle Flame?,"Jungle Flame require rich, well-draining soil mix"
How do I fertilize Jungle Flame?,Jungle Flame should be fertilized every 2 weeks during the growing season
What are common diseases that affect Jungle Flame?,Common diseases include aphids and mealybugs
How do I prevent diseases in Jungle Flame?,"To prevent diseases prune after flowering, maintain humidity"
What is the best way to propagate Jungle Flame?,Jungle Flame are best propagated through stem cuttings
How often should I water Fire Flash Spider Plants?,Fire Flash Spider Plants should be watered when the top soil is dry
What type of light does Fire Flash Spider Plants need?,"Fire Flash Spider Plants do best in bright, indirect light"
What kind of soil is best for Fire Flash Spider Plants?,Fire Flash Spider Plants require well-draining soil mix
How do I fertilize Fire Flash Spider Plants?,Fire Flash Spider Plants should be fertilized monthly during the growing season
What are common diseases that affect Fire Flash Spider Plants?,Common diseases include spider mites
How do I prevent diseases in Fire Flash Spider Plants?,To prevent diseases mist leaves and provide bright light
What is the best way to propagate Fire Flash Spider Plants?,Fire Flash Spider Plants are best propagated through division
How do I prevent diseases in Bunnys Ears Cactus?,"To prevent diseases clear debris from soil, handle with care, spines can irritate skin"
How often should I water Bleeding Heart Vines?,Common diseases include spider mites
What type of light does Bleeding Heart Vines need?,Common diseases include spider mites and aphids
What kind of soil is best for Bleeding Heart Vines?,Common diseases include mealybugs
How do I fertilize Bleeding Heart Vines?,Common diseases include mealybugs and spider mites
What are common diseases that affect Bleeding Heart Vines?,Common diseases include mealybugs
How do I prevent diseases in Bleeding Heart Vines?,Common diseases include mealybugs and scale
What is the best way to propagate Bleeding Heart Vines?,Common diseases include spider mites and scale
How often should I water Monstera Adansonii?,Common diseases include mealybugs
What type of light does Monstera Adansonii need?,Common diseases include mealybugs and spider mites
What kind of soil is best for Monstera Adansonii?,Common diseases include mealybugs
How do I fertilize Monstera Adansonii?,Common diseases include mealybugs and scale
What are common diseases that affect Monstera Adansonii?,Common diseases include spider mites and scale
How do I prevent diseases in Monstera Adansonii?,To prevent diseases provide a moss pole for support
What is the best way to propagate Monstera Adansonii?,Monstera Adansonii are best propagated through stem cuttings
How often should I water Heartleaf Philodendrons?,Heartleaf Philodendrons should be watered when the top soil is dry
What type of light does Heartleaf Philodendrons need?,Heartleaf Philodendrons do best in low to medium indirect light
What kind of soil is best for Heartleaf Philodendrons?,Heartleaf Philodendrons require well-draining soil mix
How do I fertilize Heartleaf Philodendrons?,Heartleaf Philodendrons should be fertilized monthly during the growing season
What are common diseases that affect Heartleaf Philodendrons?,Common diseases include spider mites and aphids
How do I prevent diseases in Heartleaf Philodendrons?,Common diseases include mealybugs
What is the best way to propagate Heartleaf Philodendrons?,Common diseases include mealybugs and spider mites
How often should I water Hoya Pubicalyx?,Common diseases include mealybugs
What type of light does Hoya Pubicalyx need?,Common diseases include mealybugs and scale
What kind of soil is best for Hoya Pubicalyx?,Common diseases include spider mites and scale
How do I fertilize Hoya Pubicalyx?,Hoya Pubicalyx should be fertilized monthly during the growing season
What are common diseases that affect Hoya Pubicalyx?,Common diseases include mealybugs
How do I prevent diseases in Hoya Pubicalyx?,Common diseases include mealybugs and spider mites
What is the best way to propagate Hoya Pubicalyx?,Common diseases include mealybugs
How often should I water Old Man Cactus?,Common diseases include spider mites and scale
What type of light does Old Man Cactus need?,Old Man Cacti do best in full sun to bright light
What kind of soil is best for Old Man Cactus?,Old Man Cacti require Cactus soil mix
How do I fertilize Old Man Cactus?,Old Man Cacti should be fertilized Once in growing season
What are common diseases that affect Old Man Cactus?,Common diseases include mealybugs
How do I prevent diseases in Old Man Cactus?,To prevent diseases provide full sun avoid overwatering
What is the best way to propagate Old Man Cactus?,Old Man Cacti are best propagated through seeds
How often should I water Swiss Cheese Plants?,Swiss Cheese Plants should be watered once a week
What type of light does Swiss Cheese Plants need?,"Swiss Cheese Plants do best in bright, indirect light"
What kind of soil is best for Swiss Cheese Plants?,"Swiss Cheese Plants require well-draining, peat-based soil mix"
How do I fertilize Swiss Cheese Plants?,Swiss Cheese Plants should be fertilized every 2 weeks in growing season
What are common diseases that affect Swiss Cheese Plants?,Common diseases include spider mites and scale
How do I prevent diseases in Swiss Cheese Plants?,To prevent diseases wipe leaves and provide stem support
What is the best way to propagate Swiss Cheese Plants?,Swiss Cheese Plants are best propagated by stem cuttings
